,accuracy,precision,recall,f1
0,0.9905660377358491,1.0,0.9811320754716981,0.9904761904761905
1,1.0,1.0,1.0,1.0
2,1.0,1.0,1.0,1.0
3,1.0,1.0,1.0,1.0
4,1.0,1.0,1.0,1.0
