Model,Accuracy,Precision,Recall,F1-Score,AUC-ROC
Naive Bayes,0.9466666666666667,0.8717948717948718,0.918918918918919,0.8947368421052632,0.9863668978713227
Logistic Regression,0.9466666666666667,0.8536585365853658,0.9459459459459459,0.8974358974358975,0.9899545563262377
Random Forest + SMOTE,1.0,1.0,1.0,1.0,1.0
